{"cameraMode":{"drawMode":0,"name":"Shaded","section":"Shading Mode"},"sceneLighting":true,"audioPlay":false,"sceneViewState":{"m_AlwaysRefresh":false,"showFog":true,"showSkybox":false,"showFlares":true,"showImageEffects":true,"showParticleSystems":true,"showVisualEffectGraphs":true,"m_FxEnabled":true},"in2DMode":false,"pivot":{"x":0.32186540961265566,"y":0.8803175687789917,"z":6.605786323547363},"rotation":{"x":-0.22696541249752046,"y":0.27373698353767397,"z":-0.06664174050092697,"w":-0.9322653412818909},"size":29.694133758544923,"orthographic":false}